Year,Year2,Year3,State,Total Rev
12/1/02,2002-00-01,1/1/02,United States,0
12/1/02,2002-00-01,1/1/02,Alabama,0
12/1/02,2002-00-01,1/1/02,Alaska,0
12/1/02,2002-00-01,1/1/02,Arizona,0
12/1/02,2002-00-01,1/1/02,Arkansas,0
12/1/02,2002-00-01,1/1/02,California,0
12/1/02,2002-00-01,1/1/02,Colorado,0
12/1/02,2002-00-01,1/1/02,Connecticut,0
12/1/02,2002-00-01,1/1/02,Delaware,0
12/1/02,2002-00-01,1/1/02,District of Columbia,0
12/1/02,2002-00-01,1/1/02,Florida,0
12/1/02,2002-00-01,1/1/02,Georgia,0
12/1/02,2002-00-01,1/1/02,Hawaii,0
12/1/02,2002-00-01,1/1/02,Idaho,0
12/1/02,2002-00-01,1/1/02,Illinois,0
12/1/02,2002-00-01,1/1/02,Indiana,0
12/1/02,2002-00-01,1/1/02,Iowa,0
12/1/02,2002-00-01,1/1/02,Kansas,0
12/1/02,2002-00-01,1/1/02,Kentucky,0
12/1/02,2002-00-01,1/1/02,Louisiana,0
12/1/02,2002-00-01,1/1/02,Maine,0
12/1/02,2002-00-01,1/1/02,Maryland,0
12/1/02,2002-00-01,1/1/02,Massachusetts,0
12/1/02,2002-00-01,1/1/02,Michigan,0
12/1/02,2002-00-01,1/1/02,Minnesota,0
12/1/02,2002-00-01,1/1/02,Mississippi,0
12/1/02,2002-00-01,1/1/02,Missouri,0
12/1/02,2002-00-01,1/1/02,Montana,0
12/1/02,2002-00-01,1/1/02,Nebraska,0
12/1/02,2002-00-01,1/1/02,Nevada,0
12/1/02,2002-00-01,1/1/02,New Hampshire,0
12/1/02,2002-00-01,1/1/02,New Jersey,0
12/1/02,2002-00-01,1/1/02,New Mexico,0
12/1/02,2002-00-01,1/1/02,New York,0
12/1/02,2002-00-01,1/1/02,North Carolina,0
12/1/02,2002-00-01,1/1/02,North Dakota,0
12/1/02,2002-00-01,1/1/02,Ohio,0
12/1/02,2002-00-01,1/1/02,Oklahoma,0
12/1/02,2002-00-01,1/1/02,Oregon,0
12/1/02,2002-00-01,1/1/02,Pennsylvania,0
12/1/02,2002-00-01,1/1/02,Rhode Island,0
12/1/02,2002-00-01,1/1/02,South Carolina,0
12/1/02,2002-00-01,1/1/02,South Dakota,0
12/1/02,2002-00-01,1/1/02,Tennessee,0
12/1/02,2002-00-01,1/1/02,Texas,0
12/1/02,2002-00-01,1/1/02,Utah,0
12/1/02,2002-00-01,1/1/02,Vermont,0
12/1/02,2002-00-01,1/1/02,Virginia,0
12/1/02,2002-00-01,1/1/02,Washington,0
12/1/02,2002-00-01,1/1/02,West Virginia,0
12/1/02,2002-00-01,1/1/02,Wisconsin,0
12/1/02,2002-00-01,1/1/02,Wyoming,0
12/1/03,2003-00-01,1/1/03,United States,0.016264806
12/1/03,2003-00-01,1/1/03,Alabama,-0.010872059
12/1/03,2003-00-01,1/1/03,Alaska,0.010435658
12/1/03,2003-00-01,1/1/03,Arizona,-0.002370996
12/1/03,2003-00-01,1/1/03,Arkansas,0.005129667
12/1/03,2003-00-01,1/1/03,California,0.060855742
12/1/03,2003-00-01,1/1/03,Colorado,0.039829034
12/1/03,2003-00-01,1/1/03,Connecticut,0.015898327
12/1/03,2003-00-01,1/1/03,Delaware,0.029328803
12/1/03,2003-00-01,1/1/03,District of Columbia,-0.029094815
12/1/03,2003-00-01,1/1/03,Florida,0.0167664
12/1/03,2003-00-01,1/1/03,Georgia,-0.002462458
12/1/03,2003-00-01,1/1/03,Hawaii,0.08065212
12/1/03,2003-00-01,1/1/03,Idaho,0.006411969
12/1/03,2003-00-01,1/1/03,Illinois,0.002106841
12/1/03,2003-00-01,1/1/03,Indiana,-0.137918068
12/1/03,2003-00-01,1/1/03,Iowa,0.028575267
12/1/03,2003-00-01,1/1/03,Kansas,0.043363717
12/1/03,2003-00-01,1/1/03,Kentucky,0.021527199
12/1/03,2003-00-01,1/1/03,Louisiana,0.027548433
12/1/03,2003-00-01,1/1/03,Maine,0.042996019
12/1/03,2003-00-01,1/1/03,Maryland,0.002644722
12/1/03,2003-00-01,1/1/03,Massachusetts,0.001542997
12/1/03,2003-00-01,1/1/03,Michigan,-0.031223609
12/1/03,2003-00-01,1/1/03,Minnesota,0.038652066
12/1/03,2003-00-01,1/1/03,Mississippi,0.05424963
12/1/03,2003-00-01,1/1/03,Missouri,-0.012702006
12/1/03,2003-00-01,1/1/03,Montana,0.021735362
12/1/03,2003-00-01,1/1/03,Nebraska,0.006285314
12/1/03,2003-00-01,1/1/03,Nevada,0.012945338
12/1/03,2003-00-01,1/1/03,New Hampshire,0.047614532
12/1/03,2003-00-01,1/1/03,New Jersey,0.051777052
12/1/03,2003-00-01,1/1/03,New Mexico,0.012230921
12/1/03,2003-00-01,1/1/03,New York,0.029151331
12/1/03,2003-00-01,1/1/03,North Carolina,-0.014826342
12/1/03,2003-00-01,1/1/03,North Dakota,0.041422444
12/1/03,2003-00-01,1/1/03,Ohio,-0.005884688
12/1/03,2003-00-01,1/1/03,Oklahoma,-0.012128655
12/1/03,2003-00-01,1/1/03,Oregon,-0.058013926
12/1/03,2003-00-01,1/1/03,Pennsylvania,0.045556762
12/1/03,2003-00-01,1/1/03,Rhode Island,0.030589599
12/1/03,2003-00-01,1/1/03,South Carolina,-0.032666179
12/1/03,2003-00-01,1/1/03,South Dakota,0.011692512
12/1/03,2003-00-01,1/1/03,Tennessee,0.005579739
12/1/03,2003-00-01,1/1/03,Texas,0.026020801
12/1/03,2003-00-01,1/1/03,Utah,-0.023048622
12/1/03,2003-00-01,1/1/03,Vermont,0.040159947
12/1/03,2003-00-01,1/1/03,Virginia,0.023448882
12/1/03,2003-00-01,1/1/03,Washington,0.010242956
12/1/03,2003-00-01,1/1/03,West Virginia,0.014561829
12/1/03,2003-00-01,1/1/03,Wisconsin,0.01122315
12/1/03,2003-00-01,1/1/03,Wyoming,0.059468097
12/1/04,2004-00-01,1/1/04,United States,0.03906374
12/1/04,2004-00-01,1/1/04,Alabama,-0.005782037
12/1/04,2004-00-01,1/1/04,Alaska,0.024374933
12/1/04,2004-00-01,1/1/04,Arizona,0.01472277
12/1/04,2004-00-01,1/1/04,Arkansas,0.019968276
12/1/04,2004-00-01,1/1/04,California,0.033510445
12/1/04,2004-00-01,1/1/04,Colorado,0.046138742
12/1/04,2004-00-01,1/1/04,Connecticut,0.031375185
12/1/04,2004-00-01,1/1/04,Delaware,0.075859938
12/1/04,2004-00-01,1/1/04,District of Columbia,-0.043488918
12/1/04,2004-00-01,1/1/04,Florida,0.076466409
12/1/04,2004-00-01,1/1/04,Georgia,0.002305037
12/1/04,2004-00-01,1/1/04,Hawaii,0.088772028
12/1/04,2004-00-01,1/1/04,Idaho,-0.00136767
12/1/04,2004-00-01,1/1/04,Illinois,0.040517511
12/1/04,2004-00-01,1/1/04,Indiana,0.066634
12/1/04,2004-00-01,1/1/04,Iowa,0.011580652
12/1/04,2004-00-01,1/1/04,Kansas,0.099437861
12/1/04,2004-00-01,1/1/04,Kentucky,0.048623
12/1/04,2004-00-01,1/1/04,Louisiana,0.051157907
12/1/04,2004-00-01,1/1/04,Maine,0.087197547
12/1/04,2004-00-01,1/1/04,Maryland,0.025805563
12/1/04,2004-00-01,1/1/04,Massachusetts,0.017028785
12/1/04,2004-00-01,1/1/04,Michigan,-0.026717938
12/1/04,2004-00-01,1/1/04,Minnesota,0.049329098
12/1/04,2004-00-01,1/1/04,Mississippi,0.09923724
12/1/04,2004-00-01,1/1/04,Missouri,0.009186149
12/1/04,2004-00-01,1/1/04,Montana,0.066612336
12/1/04,2004-00-01,1/1/04,Nebraska,0.03221369
12/1/04,2004-00-01,1/1/04,Nevada,0.049783883
12/1/04,2004-00-01,1/1/04,New Hampshire,0.110771323
12/1/04,2004-00-01,1/1/04,New Jersey,0.102557347
12/1/04,2004-00-01,1/1/04,New Mexico,0.068253489
12/1/04,2004-00-01,1/1/04,New York,0.101928271
12/1/04,2004-00-01,1/1/04,North Carolina,0.010853898
12/1/04,2004-00-01,1/1/04,North Dakota,0.091444348
12/1/04,2004-00-01,1/1/04,Ohio,0.018264473
12/1/04,2004-00-01,1/1/04,Oklahoma,0.006678248
12/1/04,2004-00-01,1/1/04,Oregon,0.025007904
12/1/04,2004-00-01,1/1/04,Pennsylvania,0.089379594
12/1/04,2004-00-01,1/1/04,Rhode Island,0.073602274
12/1/04,2004-00-01,1/1/04,South Carolina,-0.01821479
12/1/04,2004-00-01,1/1/04,South Dakota,0.052772054
12/1/04,2004-00-01,1/1/04,Tennessee,0.034171913
12/1/04,2004-00-01,1/1/04,Texas,0.014219912
12/1/04,2004-00-01,1/1/04,Utah,-0.013510116
12/1/04,2004-00-01,1/1/04,Vermont,0.08108561
12/1/04,2004-00-01,1/1/04,Virginia,0.049438086
12/1/04,2004-00-01,1/1/04,Washington,0.008073955
12/1/04,2004-00-01,1/1/04,West Virginia,0.028522243
12/1/04,2004-00-01,1/1/04,Wisconsin,0.016811776
12/1/04,2004-00-01,1/1/04,Wyoming,0.037892549
12/1/05,2005-00-01,1/1/05,United States,0.060895675
12/1/05,2005-00-01,1/1/05,Alabama,0.063054438
12/1/05,2005-00-01,1/1/05,Alaska,0.082474482
12/1/05,2005-00-01,1/1/05,Arizona,0.013251771
12/1/05,2005-00-01,1/1/05,Arkansas,0.143163725
12/1/05,2005-00-01,1/1/05,California,0.031178289
12/1/05,2005-00-01,1/1/05,Colorado,0.061873868
12/1/05,2005-00-01,1/1/05,Connecticut,0.086477337
12/1/05,2005-00-01,1/1/05,Delaware,0.104092769
12/1/05,2005-00-01,1/1/05,District of Columbia,-0.004549568
12/1/05,2005-00-01,1/1/05,Florida,0.099854255
12/1/05,2005-00-01,1/1/05,Georgia,-0.006377393
12/1/05,2005-00-01,1/1/05,Hawaii,0.126863603
12/1/05,2005-00-01,1/1/05,Idaho,-0.002531557
12/1/05,2005-00-01,1/1/05,Illinois,0.038500416
12/1/05,2005-00-01,1/1/05,Indiana,0.148659439
12/1/05,2005-00-01,1/1/05,Iowa,0.041351442
12/1/05,2005-00-01,1/1/05,Kansas,0.032247247
12/1/05,2005-00-01,1/1/05,Kentucky,0.061878613
12/1/05,2005-00-01,1/1/05,Louisiana,0.072743275
12/1/05,2005-00-01,1/1/05,Maine,0.117517633
12/1/05,2005-00-01,1/1/05,Maryland,0.088646241
12/1/05,2005-00-01,1/1/05,Massachusetts,0.079296566
12/1/05,2005-00-01,1/1/05,Michigan,-0.030647462
12/1/05,2005-00-01,1/1/05,Minnesota,0.035903591
12/1/05,2005-00-01,1/1/05,Mississippi,0.110925425
12/1/05,2005-00-01,1/1/05,Missouri,0.049786757
12/1/05,2005-00-01,1/1/05,Montana,0.065312712
12/1/05,2005-00-01,1/1/05,Nebraska,0.060808187
12/1/05,2005-00-01,1/1/05,Nevada,0.081378193
12/1/05,2005-00-01,1/1/05,New Hampshire,0.149754887
12/1/05,2005-00-01,1/1/05,New Jersey,0.147103021
12/1/05,2005-00-01,1/1/05,New Mexico,0.073129092
12/1/05,2005-00-01,1/1/05,New York,0.17388659
12/1/05,2005-00-01,1/1/05,North Carolina,0.01368132
12/1/05,2005-00-01,1/1/05,North Dakota,0.124542029
12/1/05,2005-00-01,1/1/05,Ohio,0.042735074
12/1/05,2005-00-01,1/1/05,Oklahoma,0.029013201
12/1/05,2005-00-01,1/1/05,Oregon,-0.024138769
12/1/05,2005-00-01,1/1/05,Pennsylvania,0.135039265
12/1/05,2005-00-01,1/1/05,Rhode Island,0.103614786
12/1/05,2005-00-01,1/1/05,South Carolina,0.005946037
12/1/05,2005-00-01,1/1/05,South Dakota,0.071474808
12/1/05,2005-00-01,1/1/05,Tennessee,0.042958769
12/1/05,2005-00-01,1/1/05,Texas,0.016008039
12/1/05,2005-00-01,1/1/05,Utah,0.015192616
12/1/05,2005-00-01,1/1/05,Vermont,0.124231464
12/1/05,2005-00-01,1/1/05,Virginia,0.101546172
12/1/05,2005-00-01,1/1/05,Washington,0.018923155
12/1/05,2005-00-01,1/1/05,West Virginia,0.047177947
12/1/05,2005-00-01,1/1/05,Wisconsin,0.047443432
12/1/05,2005-00-01,1/1/05,Wyoming,0.209790938
12/1/06,2006-00-01,1/1/06,United States,0.083866313
12/1/06,2006-00-01,1/1/06,Alabama,0.086101676
12/1/06,2006-00-01,1/1/06,Alaska,0.057297871
12/1/06,2006-00-01,1/1/06,Arizona,0.002435908
12/1/06,2006-00-01,1/1/06,Arkansas,0.149315732
12/1/06,2006-00-01,1/1/06,California,0.064270671
12/1/06,2006-00-01,1/1/06,Colorado,0.060543121
12/1/06,2006-00-01,1/1/06,Connecticut,0.122506096
12/1/06,2006-00-01,1/1/06,Delaware,0.140981242
12/1/06,2006-00-01,1/1/06,District of Columbia,-0.012629028
12/1/06,2006-00-01,1/1/06,Florida,0.152433073
12/1/06,2006-00-01,1/1/06,Georgia,0.021548328
12/1/06,2006-00-01,1/1/06,Hawaii,0.294402015
12/1/06,2006-00-01,1/1/06,Idaho,-0.013953293
12/1/06,2006-00-01,1/1/06,Illinois,0.040840271
12/1/06,2006-00-01,1/1/06,Indiana,0.087318794
12/1/06,2006-00-01,1/1/06,Iowa,0.051535094
12/1/06,2006-00-01,1/1/06,Kansas,0.100727635
12/1/06,2006-00-01,1/1/06,Kentucky,0.119887537
12/1/06,2006-00-01,1/1/06,Louisiana,0.298701133
12/1/06,2006-00-01,1/1/06,Maine,0.119912738
12/1/06,2006-00-01,1/1/06,Maryland,0.137146538
12/1/06,2006-00-01,1/1/06,Massachusetts,0.140959443
12/1/06,2006-00-01,1/1/06,Michigan,-0.02913967
12/1/06,2006-00-01,1/1/06,Minnesota,0.060838065
12/1/06,2006-00-01,1/1/06,Mississippi,0.259093391
12/1/06,2006-00-01,1/1/06,Missouri,0.059208666
12/1/06,2006-00-01,1/1/06,Montana,0.099835428
12/1/06,2006-00-01,1/1/06,Nebraska,0.086834963
12/1/06,2006-00-01,1/1/06,Nevada,0.103676354
12/1/06,2006-00-01,1/1/06,New Hampshire,0.174639767
12/1/06,2006-00-01,1/1/06,New Jersey,0.141500422
12/1/06,2006-00-01,1/1/06,New Mexico,0.067137576
12/1/06,2006-00-01,1/1/06,New York,0.203379988
12/1/06,2006-00-01,1/1/06,North Carolina,0.00938073
12/1/06,2006-00-01,1/1/06,North Dakota,0.154744875
12/1/06,2006-00-01,1/1/06,Ohio,0.071485529
12/1/06,2006-00-01,1/1/06,Oklahoma,0.028953673
12/1/06,2006-00-01,1/1/06,Oregon,0.006226471
12/1/06,2006-00-01,1/1/06,Pennsylvania,0.159471331
12/1/06,2006-00-01,1/1/06,Rhode Island,0.145425075
12/1/06,2006-00-01,1/1/06,South Carolina,0.035957975
12/1/06,2006-00-01,1/1/06,South Dakota,0.09317686
12/1/06,2006-00-01,1/1/06,Tennessee,0.048223083
12/1/06,2006-00-01,1/1/06,Texas,0.038141585
12/1/06,2006-00-01,1/1/06,Utah,0.022052326
12/1/06,2006-00-01,1/1/06,Vermont,0.167261374
12/1/06,2006-00-01,1/1/06,Virginia,0.137860127
12/1/06,2006-00-01,1/1/06,Washington,0.027803782
12/1/06,2006-00-01,1/1/06,West Virginia,0.050388655
12/1/06,2006-00-01,1/1/06,Wisconsin,0.024193336
12/1/06,2006-00-01,1/1/06,Wyoming,0.15664235
12/1/07,2007-00-01,1/1/07,United States,0.127451195
12/1/07,2007-00-01,1/1/07,Alabama,0.175931494
12/1/07,2007-00-01,1/1/07,Alaska,0.14777949
12/1/07,2007-00-01,1/1/07,Arizona,0.090180702
12/1/07,2007-00-01,1/1/07,Arkansas,0.159970677
12/1/07,2007-00-01,1/1/07,California,0.136542515
12/1/07,2007-00-01,1/1/07,Colorado,0.074932666
12/1/07,2007-00-01,1/1/07,Connecticut,0.157146722
12/1/07,2007-00-01,1/1/07,Delaware,0.212637831
12/1/07,2007-00-01,1/1/07,District of Columbia,0.058696887
12/1/07,2007-00-01,1/1/07,Florida,0.280524421
12/1/07,2007-00-01,1/1/07,Georgia,0.072963854
12/1/07,2007-00-01,1/1/07,Hawaii,0.408308609
12/1/07,2007-00-01,1/1/07,Idaho,0.012919856
12/1/07,2007-00-01,1/1/07,Illinois,0.07759002
12/1/07,2007-00-01,1/1/07,Indiana,-0.054151247
12/1/07,2007-00-01,1/1/07,Iowa,0.086872565
12/1/07,2007-00-01,1/1/07,Kansas,0.155150186
12/1/07,2007-00-01,1/1/07,Kentucky,0.19072468
12/1/07,2007-00-01,1/1/07,Louisiana,0.283548848
12/1/07,2007-00-01,1/1/07,Maine,0.175275001
12/1/07,2007-00-01,1/1/07,Maryland,0.221657864
12/1/07,2007-00-01,1/1/07,Massachusetts,0.151158652
12/1/07,2007-00-01,1/1/07,Michigan,0.003369389
12/1/07,2007-00-01,1/1/07,Minnesota,0.088435415
12/1/07,2007-00-01,1/1/07,Mississippi,0.210048628
12/1/07,2007-00-01,1/1/07,Missouri,0.043877775
12/1/07,2007-00-01,1/1/07,Montana,0.157691471
12/1/07,2007-00-01,1/1/07,Nebraska,0.09489442
12/1/07,2007-00-01,1/1/07,Nevada,0.139669207
12/1/07,2007-00-01,1/1/07,New Hampshire,0.226722386
12/1/07,2007-00-01,1/1/07,New Jersey,0.186103024
12/1/07,2007-00-01,1/1/07,New Mexico,0.100178115
12/1/07,2007-00-01,1/1/07,New York,0.281416303
12/1/07,2007-00-01,1/1/07,North Carolina,0.075960993
12/1/07,2007-00-01,1/1/07,North Dakota,0.189524357
12/1/07,2007-00-01,1/1/07,Ohio,0.109386557
12/1/07,2007-00-01,1/1/07,Oklahoma,0.06796574
12/1/07,2007-00-01,1/1/07,Oregon,0.014378189
12/1/07,2007-00-01,1/1/07,Pennsylvania,0.169349057
12/1/07,2007-00-01,1/1/07,Rhode Island,0.187231551
12/1/07,2007-00-01,1/1/07,South Carolina,0.062583204
12/1/07,2007-00-01,1/1/07,South Dakota,0.119786409
12/1/07,2007-00-01,1/1/07,Tennessee,0.054769399
12/1/07,2007-00-01,1/1/07,Texas,0.076243073
12/1/07,2007-00-01,1/1/07,Utah,0.060995993
12/1/07,2007-00-01,1/1/07,Vermont,0.229465182
12/1/07,2007-00-01,1/1/07,Virginia,0.17985348
12/1/07,2007-00-01,1/1/07,Washington,0.077195251
12/1/07,2007-00-01,1/1/07,West Virginia,0.051230427
12/1/07,2007-00-01,1/1/07,Wisconsin,0.03138705
12/1/07,2007-00-01,1/1/07,Wyoming,0.467591722
12/1/08,2008-00-01,1/1/08,United States,0.13751119
12/1/08,2008-00-01,1/1/08,Alabama,0.239853762
12/1/08,2008-00-01,1/1/08,Alaska,0.361375251
12/1/08,2008-00-01,1/1/08,Arizona,0.092280165
12/1/08,2008-00-01,1/1/08,Arkansas,0.162201761
12/1/08,2008-00-01,1/1/08,California,0.135204214
12/1/08,2008-00-01,1/1/08,Colorado,0.078973562
12/1/08,2008-00-01,1/1/08,Connecticut,0.175852458
12/1/08,2008-00-01,1/1/08,Delaware,0.178718354
12/1/08,2008-00-01,1/1/08,District of Columbia,0.065004567
12/1/08,2008-00-01,1/1/08,Florida,0.286917575
12/1/08,2008-00-01,1/1/08,Georgia,0.076996031
12/1/08,2008-00-01,1/1/08,Hawaii,0.161379238
12/1/08,2008-00-01,1/1/08,Idaho,0.033025221
12/1/08,2008-00-01,1/1/08,Illinois,0.094571174
12/1/08,2008-00-01,1/1/08,Indiana,-0.007813306
12/1/08,2008-00-01,1/1/08,Iowa,0.104508469
12/1/08,2008-00-01,1/1/08,Kansas,0.192986824
12/1/08,2008-00-01,1/1/08,Kentucky,0.187749705
12/1/08,2008-00-01,1/1/08,Louisiana,0.354770383
12/1/08,2008-00-01,1/1/08,Maine,0.163071729
12/1/08,2008-00-01,1/1/08,Maryland,0.330957707
12/1/08,2008-00-01,1/1/08,Massachusetts,0.123169031
12/1/08,2008-00-01,1/1/08,Michigan,-0.02640998
12/1/08,2008-00-01,1/1/08,Minnesota,0.107363132
12/1/08,2008-00-01,1/1/08,Mississippi,0.231641571
12/1/08,2008-00-01,1/1/08,Missouri,0.068691372
12/1/08,2008-00-01,1/1/08,Montana,0.196538108
12/1/08,2008-00-01,1/1/08,Nebraska,0.101274082
12/1/08,2008-00-01,1/1/08,Nevada,0.174036197
12/1/08,2008-00-01,1/1/08,New Hampshire,0.254665653
12/1/08,2008-00-01,1/1/08,New Jersey,0.183230757
12/1/08,2008-00-01,1/1/08,New Mexico,0.152570355
12/1/08,2008-00-01,1/1/08,New York,0.306704076
12/1/08,2008-00-01,1/1/08,North Carolina,0.074169509
12/1/08,2008-00-01,1/1/08,North Dakota,0.236899248
12/1/08,2008-00-01,1/1/08,Ohio,0.102773916
12/1/08,2008-00-01,1/1/08,Oklahoma,0.079406175
12/1/08,2008-00-01,1/1/08,Oregon,0.050758591
12/1/08,2008-00-01,1/1/08,Pennsylvania,0.231681531
12/1/08,2008-00-01,1/1/08,Rhode Island,0.218585292
12/1/08,2008-00-01,1/1/08,South Carolina,0.097748765
12/1/08,2008-00-01,1/1/08,South Dakota,0.127143752
12/1/08,2008-00-01,1/1/08,Tennessee,0.096536014
12/1/08,2008-00-01,1/1/08,Texas,0.065920366
12/1/08,2008-00-01,1/1/08,Utah,0.064814191
12/1/08,2008-00-01,1/1/08,Vermont,0.244897137
12/1/08,2008-00-01,1/1/08,Virginia,0.183311043
12/1/08,2008-00-01,1/1/08,Washington,0.113120612
12/1/08,2008-00-01,1/1/08,West Virginia,0.035816783
12/1/08,2008-00-01,1/1/08,Wisconsin,0.036228164
12/1/08,2008-00-01,1/1/08,Wyoming,0.517799262
12/1/09,2009-00-01,1/1/09,United States,0.1425103
12/1/09,2009-00-01,1/1/09,Alabama,0.13312476
12/1/09,2009-00-01,1/1/09,Alaska,0.328297468
12/1/09,2009-00-01,1/1/09,Arizona,0.028244824
12/1/09,2009-00-01,1/1/09,Arkansas,0.186016664
12/1/09,2009-00-01,1/1/09,California,0.113724353
12/1/09,2009-00-01,1/1/09,Colorado,0.07670365
12/1/09,2009-00-01,1/1/09,Connecticut,0.213617623
12/1/09,2009-00-01,1/1/09,Delaware,0.153386773
12/1/09,2009-00-01,1/1/09,District of Columbia,-0.098004197
12/1/09,2009-00-01,1/1/09,Florida,0.130374675
12/1/09,2009-00-01,1/1/09,Georgia,0.019753604
12/1/09,2009-00-01,1/1/09,Hawaii,0.214885003
12/1/09,2009-00-01,1/1/09,Idaho,0.025179018
12/1/09,2009-00-01,1/1/09,Illinois,0.143830064
12/1/09,2009-00-01,1/1/09,Indiana,0.129461039
12/1/09,2009-00-01,1/1/09,Iowa,0.130741564
12/1/09,2009-00-01,1/1/09,Kansas,0.221214921
12/1/09,2009-00-01,1/1/09,Kentucky,0.176901781
12/1/09,2009-00-01,1/1/09,Louisiana,0.377705327
12/1/09,2009-00-01,1/1/09,Maine,0.21144334
12/1/09,2009-00-01,1/1/09,Maryland,0.320592242
12/1/09,2009-00-01,1/1/09,Massachusetts,0.163885728
12/1/09,2009-00-01,1/1/09,Michigan,-0.010375864
12/1/09,2009-00-01,1/1/09,Minnesota,0.130962711
12/1/09,2009-00-01,1/1/09,Mississippi,0.204028753
12/1/09,2009-00-01,1/1/09,Missouri,0.071038425
12/1/09,2009-00-01,1/1/09,Montana,0.221857777
12/1/09,2009-00-01,1/1/09,Nebraska,0.127066161
12/1/09,2009-00-01,1/1/09,Nevada,0.179406334
12/1/09,2009-00-01,1/1/09,New Hampshire,0.271305157
12/1/09,2009-00-01,1/1/09,New Jersey,0.192621355
12/1/09,2009-00-01,1/1/09,New Mexico,0.180579565
12/1/09,2009-00-01,1/1/09,New York,0.370623794
12/1/09,2009-00-01,1/1/09,North Carolina,0.177158775
12/1/09,2009-00-01,1/1/09,North Dakota,0.27186427
12/1/09,2009-00-01,1/1/09,Ohio,0.096105739
12/1/09,2009-00-01,1/1/09,Oklahoma,0.105531745
12/1/09,2009-00-01,1/1/09,Oregon,0.047728925
12/1/09,2009-00-01,1/1/09,Pennsylvania,0.247430429
12/1/09,2009-00-01,1/1/09,Rhode Island,0.224094997
12/1/09,2009-00-01,1/1/09,South Carolina,0.06727065
12/1/09,2009-00-01,1/1/09,South Dakota,0.128062958
12/1/09,2009-00-01,1/1/09,Tennessee,0.07649977
12/1/09,2009-00-01,1/1/09,Texas,0.077453332
12/1/09,2009-00-01,1/1/09,Utah,0.107661022
12/1/09,2009-00-01,1/1/09,Vermont,0.291695924
12/1/09,2009-00-01,1/1/09,Virginia,0.200187909
12/1/09,2009-00-01,1/1/09,Washington,0.17146295
12/1/09,2009-00-01,1/1/09,West Virginia,0.065951184
12/1/09,2009-00-01,1/1/09,Wisconsin,0.05771338
12/1/09,2009-00-01,1/1/09,Wyoming,0.547273616
12/1/10,2010-00-01,1/1/10,United States,0.135013641
12/1/10,2010-00-01,1/1/10,Alabama,0.132005925
12/1/10,2010-00-01,1/1/10,Alaska,0.348144178
12/1/10,2010-00-01,1/1/10,Arizona,0.038543762
12/1/10,2010-00-01,1/1/10,Arkansas,0.251807513
12/1/10,2010-00-01,1/1/10,California,0.007000896
12/1/10,2010-00-01,1/1/10,Colorado,0.109725376
12/1/10,2010-00-01,1/1/10,Connecticut,0.215571214
12/1/10,2010-00-01,1/1/10,Delaware,0.148496469
12/1/10,2010-00-01,1/1/10,District of Columbia,0.347722822
12/1/10,2010-00-01,1/1/10,Florida,0.106389198
12/1/10,2010-00-01,1/1/10,Georgia,-0.004306001
12/1/10,2010-00-01,1/1/10,Hawaii,0.142607942
12/1/10,2010-00-01,1/1/10,Idaho,0.017938471
12/1/10,2010-00-01,1/1/10,Illinois,0.19325902
12/1/10,2010-00-01,1/1/10,Indiana,0.210172272
12/1/10,2010-00-01,1/1/10,Iowa,0.112551235
12/1/10,2010-00-01,1/1/10,Kansas,0.171542222
12/1/10,2010-00-01,1/1/10,Kentucky,0.178248468
12/1/10,2010-00-01,1/1/10,Louisiana,0.380588446
12/1/10,2010-00-01,1/1/10,Maine,0.241644541
12/1/10,2010-00-01,1/1/10,Maryland,0.318681304
12/1/10,2010-00-01,1/1/10,Massachusetts,0.126591751
12/1/10,2010-00-01,1/1/10,Michigan,-0.012383478
12/1/10,2010-00-01,1/1/10,Minnesota,0.12814715
12/1/10,2010-00-01,1/1/10,Mississippi,0.211352795
12/1/10,2010-00-01,1/1/10,Missouri,0.074674389
12/1/10,2010-00-01,1/1/10,Montana,0.219934704
12/1/10,2010-00-01,1/1/10,Nebraska,0.16879775
12/1/10,2010-00-01,1/1/10,Nevada,0.139489859
12/1/10,2010-00-01,1/1/10,New Hampshire,0.304467601
12/1/10,2010-00-01,1/1/10,New Jersey,0.178024959
12/1/10,2010-00-01,1/1/10,New Mexico,0.139241641
12/1/10,2010-00-01,1/1/10,New York,0.346379727
12/1/10,2010-00-01,1/1/10,North Carolina,0.263928494
12/1/10,2010-00-01,1/1/10,North Dakota,0.433195991
12/1/10,2010-00-01,1/1/10,Ohio,0.146441398
12/1/10,2010-00-01,1/1/10,Oklahoma,0.034659677
12/1/10,2010-00-01,1/1/10,Oregon,0.052254626
12/1/10,2010-00-01,1/1/10,Pennsylvania,0.283639898
12/1/10,2010-00-01,1/1/10,Rhode Island,0.231268982
12/1/10,2010-00-01,1/1/10,South Carolina,0.066747239
12/1/10,2010-00-01,1/1/10,South Dakota,0.176063556
12/1/10,2010-00-01,1/1/10,Tennessee,0.103641456
12/1/10,2010-00-01,1/1/10,Texas,0.102358702
12/1/10,2010-00-01,1/1/10,Utah,0.067750182
12/1/10,2010-00-01,1/1/10,Vermont,0.295880017
12/1/10,2010-00-01,1/1/10,Virginia,0.15512444
12/1/10,2010-00-01,1/1/10,Washington,0.152229986
12/1/10,2010-00-01,1/1/10,West Virginia,0.082980637
12/1/10,2010-00-01,1/1/10,Wisconsin,0.076096323
12/1/10,2010-00-01,1/1/10,Wyoming,0.553846554
12/1/11,2011-00-01,1/1/11,United States,0.124392323
12/1/11,2011-00-01,1/1/11,Alabama,0.127478371
12/1/11,2011-00-01,1/1/11,Alaska,0.392949399
12/1/11,2011-00-01,1/1/11,Arizona,-0.010129789
12/1/11,2011-00-01,1/1/11,Arkansas,0.251839898
12/1/11,2011-00-01,1/1/11,California,0.031936375
12/1/11,2011-00-01,1/1/11,Colorado,0.071197391
12/1/11,2011-00-01,1/1/11,Connecticut,0.226806834
12/1/11,2011-00-01,1/1/11,Delaware,0.115626099
12/1/11,2011-00-01,1/1/11,District of Columbia,0.407112037
12/1/11,2011-00-01,1/1/11,Florida,0.090336076
12/1/11,2011-00-01,1/1/11,Georgia,-0.016355286
12/1/11,2011-00-01,1/1/11,Hawaii,0.095456345
12/1/11,2011-00-01,1/1/11,Idaho,-0.038617084
12/1/11,2011-00-01,1/1/11,Illinois,0.23465593
12/1/11,2011-00-01,1/1/11,Indiana,0.0279044
12/1/11,2011-00-01,1/1/11,Iowa,0.153343124
12/1/11,2011-00-01,1/1/11,Kansas,0.139387459
12/1/11,2011-00-01,1/1/11,Kentucky,0.205028855
12/1/11,2011-00-01,1/1/11,Louisiana,0.341358042
12/1/11,2011-00-01,1/1/11,Maine,0.196337238
12/1/11,2011-00-01,1/1/11,Maryland,0.298718423
12/1/11,2011-00-01,1/1/11,Massachusetts,0.145746085
12/1/11,2011-00-01,1/1/11,Michigan,0.013576414
12/1/11,2011-00-01,1/1/11,Minnesota,0.167516936
12/1/11,2011-00-01,1/1/11,Mississippi,0.204620764
12/1/11,2011-00-01,1/1/11,Missouri,0.091678867
12/1/11,2011-00-01,1/1/11,Montana,0.204113956
12/1/11,2011-00-01,1/1/11,Nebraska,0.184974435
12/1/11,2011-00-01,1/1/11,Nevada,0.072334206
12/1/11,2011-00-01,1/1/11,New Hampshire,0.352024657
12/1/11,2011-00-01,1/1/11,New Jersey,0.109503768
12/1/11,2011-00-01,1/1/11,New Mexico,0.102779147
12/1/11,2011-00-01,1/1/11,New York,0.385286876
12/1/11,2011-00-01,1/1/11,North Carolina,0.071675442
12/1/11,2011-00-01,1/1/11,North Dakota,0.388919145
12/1/11,2011-00-01,1/1/11,Ohio,0.143557518
12/1/11,2011-00-01,1/1/11,Oklahoma,0.017143762
12/1/11,2011-00-01,1/1/11,Oregon,0.01453043
12/1/11,2011-00-01,1/1/11,Pennsylvania,0.304958837
12/1/11,2011-00-01,1/1/11,Rhode Island,0.226385961
12/1/11,2011-00-01,1/1/11,South Carolina,0.05163017
12/1/11,2011-00-01,1/1/11,South Dakota,0.139260523
12/1/11,2011-00-01,1/1/11,Tennessee,0.100679555
12/1/11,2011-00-01,1/1/11,Texas,0.074670819
12/1/11,2011-00-01,1/1/11,Utah,0.02553865
12/1/11,2011-00-01,1/1/11,Vermont,0.26953621
12/1/11,2011-00-01,1/1/11,Virginia,0.105961745
12/1/11,2011-00-01,1/1/11,Washington,0.119648501
12/1/11,2011-00-01,1/1/11,West Virginia,0.157147525
12/1/11,2011-00-01,1/1/11,Wisconsin,0.090019499
12/1/11,2011-00-01,1/1/11,Wyoming,0.45874219
12/1/12,2012-00-01,1/1/12,United States,0.084837374
12/1/12,2012-00-01,1/1/12,Alabama,0.062950424
12/1/12,2012-00-01,1/1/12,Alaska,0.377644951
12/1/12,2012-00-01,1/1/12,Arizona,-0.088474292
12/1/12,2012-00-01,1/1/12,Arkansas,0.214590335
12/1/12,2012-00-01,1/1/12,California,-0.027114655
12/1/12,2012-00-01,1/1/12,Colorado,0.015089414
12/1/12,2012-00-01,1/1/12,Connecticut,0.244495169
12/1/12,2012-00-01,1/1/12,Delaware,0.161334044
12/1/12,2012-00-01,1/1/12,District of Columbia,0.404719503
12/1/12,2012-00-01,1/1/12,Florida,-0.041529607
12/1/12,2012-00-01,1/1/12,Georgia,-0.07116727
12/1/12,2012-00-01,1/1/12,Hawaii,0.060985272
12/1/12,2012-00-01,1/1/12,Idaho,-0.120408664
12/1/12,2012-00-01,1/1/12,Illinois,0.218950908
12/1/12,2012-00-01,1/1/12,Indiana,0.039766974
12/1/12,2012-00-01,1/1/12,Iowa,0.14437136
12/1/12,2012-00-01,1/1/12,Kansas,0.115144
12/1/12,2012-00-01,1/1/12,Kentucky,0.169714799
12/1/12,2012-00-01,1/1/12,Louisiana,0.378857835
12/1/12,2012-00-01,1/1/12,Maine,0.141327846
12/1/12,2012-00-01,1/1/12,Maryland,0.287953647
12/1/12,2012-00-01,1/1/12,Massachusetts,0.142445445
12/1/12,2012-00-01,1/1/12,Michigan,-0.031799117
12/1/12,2012-00-01,1/1/12,Minnesota,0.108824405
12/1/12,2012-00-01,1/1/12,Mississippi,0.159340933
12/1/12,2012-00-01,1/1/12,Missouri,0.076200323
12/1/12,2012-00-01,1/1/12,Montana,0.159737054
12/1/12,2012-00-01,1/1/12,Nebraska,0.10557134
12/1/12,2012-00-01,1/1/12,Nevada,0.020973199
12/1/12,2012-00-01,1/1/12,New Hampshire,0.310806413
12/1/12,2012-00-01,1/1/12,New Jersey,0.19254758
12/1/12,2012-00-01,1/1/12,New Mexico,0.046193633
12/1/12,2012-00-01,1/1/12,New York,0.392671215
12/1/12,2012-00-01,1/1/12,North Carolina,-0.084889841
12/1/12,2012-00-01,1/1/12,North Dakota,0.374988177
12/1/12,2012-00-01,1/1/12,Ohio,0.090518487
12/1/12,2012-00-01,1/1/12,Oklahoma,-0.022539782
12/1/12,2012-00-01,1/1/12,Oregon,-0.024246184
12/1/12,2012-00-01,1/1/12,Pennsylvania,0.259843925
12/1/12,2012-00-01,1/1/12,Rhode Island,0.204615885
12/1/12,2012-00-01,1/1/12,South Carolina,0.033363014
12/1/12,2012-00-01,1/1/12,South Dakota,0.089464654
12/1/12,2012-00-01,1/1/12,Tennessee,0.093173451
12/1/12,2012-00-01,1/1/12,Texas,0.013234502
12/1/12,2012-00-01,1/1/12,Utah,-0.000720505
12/1/12,2012-00-01,1/1/12,Vermont,0.272877293
12/1/12,2012-00-01,1/1/12,Virginia,0.089238755
12/1/12,2012-00-01,1/1/12,Washington,0.090489452
12/1/12,2012-00-01,1/1/12,West Virginia,0.28456665
12/1/12,2012-00-01,1/1/12,Wisconsin,0.00953877
12/1/12,2012-00-01,1/1/12,Wyoming,0.399426952
12/1/13,2013-00-01,1/1/13,United States,0.070724275
12/1/13,2013-00-01,1/1/13,Alabama,0.048092697
12/1/13,2013-00-01,1/1/13,Alaska,0.443180877
12/1/13,2013-00-01,1/1/13,Arizona,-0.076542175
12/1/13,2013-00-01,1/1/13,Arkansas,0.166068004
12/1/13,2013-00-01,1/1/13,California,-0.04588001
12/1/13,2013-00-01,1/1/13,Colorado,0.013408032
12/1/13,2013-00-01,1/1/13,Connecticut,0.264833055
12/1/13,2013-00-01,1/1/13,Delaware,0.182050919
12/1/13,2013-00-01,1/1/13,District of Columbia,0.362701179
12/1/13,2013-00-01,1/1/13,Florida,-0.043973552
12/1/13,2013-00-01,1/1/13,Georgia,-0.099060068
12/1/13,2013-00-01,1/1/13,Hawaii,-0.050932975
12/1/13,2013-00-01,1/1/13,Idaho,-0.134896266
12/1/13,2013-00-01,1/1/13,Illinois,0.20912564
12/1/13,2013-00-01,1/1/13,Indiana,0.013445951
12/1/13,2013-00-01,1/1/13,Iowa,0.117016674
12/1/13,2013-00-01,1/1/13,Kansas,0.100352066
12/1/13,2013-00-01,1/1/13,Kentucky,0.148777693
12/1/13,2013-00-01,1/1/13,Louisiana,0.286349432
12/1/13,2013-00-01,1/1/13,Maine,0.151878895
12/1/13,2013-00-01,1/1/13,Maryland,0.264221835
12/1/13,2013-00-01,1/1/13,Massachusetts,0.151431179
12/1/13,2013-00-01,1/1/13,Michigan,-0.03782752
12/1/13,2013-00-01,1/1/13,Minnesota,0.104964737
12/1/13,2013-00-01,1/1/13,Mississippi,0.12645866
12/1/13,2013-00-01,1/1/13,Missouri,0.062210432
12/1/13,2013-00-01,1/1/13,Montana,0.163711122
12/1/13,2013-00-01,1/1/13,Nebraska,0.109113334
12/1/13,2013-00-01,1/1/13,Nevada,0.015646268
12/1/13,2013-00-01,1/1/13,New Hampshire,0.316448155
12/1/13,2013-00-01,1/1/13,New Jersey,0.185157542
12/1/13,2013-00-01,1/1/13,New Mexico,0.045367874
12/1/13,2013-00-01,1/1/13,New York,0.391039983
12/1/13,2013-00-01,1/1/13,North Carolina,-0.107922124
12/1/13,2013-00-01,1/1/13,North Dakota,0.363316002
12/1/13,2013-00-01,1/1/13,Ohio,0.06887598
12/1/13,2013-00-01,1/1/13,Oklahoma,-0.040465281
12/1/13,2013-00-01,1/1/13,Oregon,-0.044668121
12/1/13,2013-00-01,1/1/13,Pennsylvania,0.282000041
12/1/13,2013-00-01,1/1/13,Rhode Island,0.229605636
12/1/13,2013-00-01,1/1/13,South Carolina,0.053989981
12/1/13,2013-00-01,1/1/13,South Dakota,0.064839821
12/1/13,2013-00-01,1/1/13,Tennessee,0.085220197
12/1/13,2013-00-01,1/1/13,Texas,-0.019206274
12/1/13,2013-00-01,1/1/13,Utah,-0.013115339
12/1/13,2013-00-01,1/1/13,Vermont,0.271143995
12/1/13,2013-00-01,1/1/13,Virginia,0.091301221
12/1/13,2013-00-01,1/1/13,Washington,0.091526485
12/1/13,2013-00-01,1/1/13,West Virginia,0.108114547
12/1/13,2013-00-01,1/1/13,Wisconsin,-0.013184474
12/1/13,2013-00-01,1/1/13,Wyoming,0.38010579
12/1/14,2014-00-01,1/1/14,United States,0.088329418
12/1/14,2014-00-01,1/1/14,Alabama,0.067627195
12/1/14,2014-00-01,1/1/14,Alaska,0.493474803
12/1/14,2014-00-01,1/1/14,Arizona,-0.070899884
12/1/14,2014-00-01,1/1/14,Arkansas,0.171252718
12/1/14,2014-00-01,1/1/14,California,-0.014786365
12/1/14,2014-00-01,1/1/14,Colorado,0.0190129
12/1/14,2014-00-01,1/1/14,Connecticut,0.312960415
12/1/14,2014-00-01,1/1/14,Delaware,0.160583266
12/1/14,2014-00-01,1/1/14,District of Columbia,0.36184285
12/1/14,2014-00-01,1/1/14,Florida,-0.015528109
12/1/14,2014-00-01,1/1/14,Georgia,-0.103273457
12/1/14,2014-00-01,1/1/14,Hawaii,0.068862772
12/1/14,2014-00-01,1/1/14,Idaho,-0.148157971
12/1/14,2014-00-01,1/1/14,Illinois,0.237635767
12/1/14,2014-00-01,1/1/14,Indiana,0.006962994
12/1/14,2014-00-01,1/1/14,Iowa,0.124866367
12/1/14,2014-00-01,1/1/14,Kansas,0.094842592
12/1/14,2014-00-01,1/1/14,Kentucky,0.130395968
12/1/14,2014-00-01,1/1/14,Louisiana,0.315248032
12/1/14,2014-00-01,1/1/14,Maine,0.182575568
12/1/14,2014-00-01,1/1/14,Maryland,0.250524869
12/1/14,2014-00-01,1/1/14,Massachusetts,0.169418767
12/1/14,2014-00-01,1/1/14,Michigan,-0.030563505
12/1/14,2014-00-01,1/1/14,Minnesota,0.117021415
12/1/14,2014-00-01,1/1/14,Mississippi,0.118748187
12/1/14,2014-00-01,1/1/14,Missouri,0.064879481
12/1/14,2014-00-01,1/1/14,Montana,0.177900279
12/1/14,2014-00-01,1/1/14,Nebraska,0.114802721
12/1/14,2014-00-01,1/1/14,Nevada,0.008004214
12/1/14,2014-00-01,1/1/14,New Hampshire,0.347341503
12/1/14,2014-00-01,1/1/14,New Jersey,0.184677802
12/1/14,2014-00-01,1/1/14,New Mexico,0.055409172
12/1/14,2014-00-01,1/1/14,New York,0.414610199
12/1/14,2014-00-01,1/1/14,North Carolina,-0.053686745
12/1/14,2014-00-01,1/1/14,North Dakota,0.475799226
12/1/14,2014-00-01,1/1/14,Ohio,0.094270925
12/1/14,2014-00-01,1/1/14,Oklahoma,-0.02804984
12/1/14,2014-00-01,1/1/14,Oregon,0.022264007
12/1/14,2014-00-01,1/1/14,Pennsylvania,0.306273185
12/1/14,2014-00-01,1/1/14,Rhode Island,0.237637578
12/1/14,2014-00-01,1/1/14,South Carolina,0.04810223
12/1/14,2014-00-01,1/1/14,South Dakota,0.068370814
12/1/14,2014-00-01,1/1/14,Tennessee,0.096746437
12/1/14,2014-00-01,1/1/14,Texas,0.014279605
12/1/14,2014-00-01,1/1/14,Utah,-0.018684422
12/1/14,2014-00-01,1/1/14,Vermont,0.310947499
12/1/14,2014-00-01,1/1/14,Virginia,0.06930531
12/1/14,2014-00-01,1/1/14,Washington,0.137662662
12/1/14,2014-00-01,1/1/14,West Virginia,0.107807177
12/1/14,2014-00-01,1/1/14,Wisconsin,-0.011949485
12/1/14,2014-00-01,1/1/14,Wyoming,0.403064265
12/1/15,2015-00-01,1/1/15,United States,0.118263882
12/1/15,2015-00-01,1/1/15,Alabama,0.067833507
12/1/15,2015-00-01,1/1/15,Alaska,0.623470206
12/1/15,2015-00-01,1/1/15,Arizona,-0.093456332
12/1/15,2015-00-01,1/1/15,Arkansas,0.189734413
12/1/15,2015-00-01,1/1/15,California,0.055435164
12/1/15,2015-00-01,1/1/15,Colorado,0.057080572
12/1/15,2015-00-01,1/1/15,Connecticut,0.361122604
12/1/15,2015-00-01,1/1/15,Delaware,0.183814752
12/1/15,2015-00-01,1/1/15,District of Columbia,0.355929595
12/1/15,2015-00-01,1/1/15,Florida,-0.002170422
12/1/15,2015-00-01,1/1/15,Georgia,-0.081588064
12/1/15,2015-00-01,1/1/15,Hawaii,0.089899039
12/1/15,2015-00-01,1/1/15,Idaho,-0.097036236
12/1/15,2015-00-01,1/1/15,Illinois,0.277472463
12/1/15,2015-00-01,1/1/15,Indiana,0.008056059
12/1/15,2015-00-01,1/1/15,Iowa,0.15521836
12/1/15,2015-00-01,1/1/15,Kansas,0.1183272
12/1/15,2015-00-01,1/1/15,Kentucky,0.169024058
12/1/15,2015-00-01,1/1/15,Louisiana,0.331994812
12/1/15,2015-00-01,1/1/15,Maine,0.218631622
12/1/15,2015-00-01,1/1/15,Maryland,0.274587517
12/1/15,2015-00-01,1/1/15,Massachusetts,0.193000845
12/1/15,2015-00-01,1/1/15,Michigan,0.00545182
12/1/15,2015-00-01,1/1/15,Minnesota,0.157446038
12/1/15,2015-00-01,1/1/15,Mississippi,0.144014197
12/1/15,2015-00-01,1/1/15,Missouri,0.09635439
12/1/15,2015-00-01,1/1/15,Montana,0.21757065
12/1/15,2015-00-01,1/1/15,Nebraska,0.15332481
12/1/15,2015-00-01,1/1/15,Nevada,0.027215766
12/1/15,2015-00-01,1/1/15,New Hampshire,0.373377861
12/1/15,2015-00-01,1/1/15,New Jersey,0.207642445
12/1/15,2015-00-01,1/1/15,New Mexico,0.103840039
12/1/15,2015-00-01,1/1/15,New York,0.452098939
12/1/15,2015-00-01,1/1/15,North Carolina,-0.097257175
12/1/15,2015-00-01,1/1/15,North Dakota,0.48849776
12/1/15,2015-00-01,1/1/15,Ohio,0.092856362
12/1/15,2015-00-01,1/1/15,Oklahoma,-0.023394433
12/1/15,2015-00-01,1/1/15,Oregon,0.083626809
12/1/15,2015-00-01,1/1/15,Pennsylvania,0.350801079
12/1/15,2015-00-01,1/1/15,Rhode Island,0.262758194
12/1/15,2015-00-01,1/1/15,South Carolina,0.071257664
12/1/15,2015-00-01,1/1/15,South Dakota,0.097397244
12/1/15,2015-00-01,1/1/15,Tennessee,0.112581765
12/1/15,2015-00-01,1/1/15,Texas,0.048921169
12/1/15,2015-00-01,1/1/15,Utah,0.005790634
12/1/15,2015-00-01,1/1/15,Vermont,0.389418451
12/1/15,2015-00-01,1/1/15,Virginia,0.091028699
12/1/15,2015-00-01,1/1/15,Washington,0.171524047
12/1/15,2015-00-01,1/1/15,West Virginia,0.090941836
12/1/15,2015-00-01,1/1/15,Wisconsin,0.009840608
12/1/15,2015-00-01,1/1/15,Wyoming,0.523700901
12/1/16,2016-00-01,1/1/16,United States,0.160860696
12/1/16,2016-00-01,1/1/16,Alabama,0.083415251
12/1/16,2016-00-01,1/1/16,Alaska,0.359531684
12/1/16,2016-00-01,1/1/16,Arizona,-0.062884927
12/1/16,2016-00-01,1/1/16,Arkansas,0.20358099
12/1/16,2016-00-01,1/1/16,California,0.205538295
12/1/16,2016-00-01,1/1/16,Colorado,0.089913933
12/1/16,2016-00-01,1/1/16,Connecticut,0.407491752
12/1/16,2016-00-01,1/1/16,Delaware,0.196247992
12/1/16,2016-00-01,1/1/16,District of Columbia,0.237292519
12/1/16,2016-00-01,1/1/16,Florida,0.021285672
12/1/16,2016-00-01,1/1/16,Georgia,-0.0525497
12/1/16,2016-00-01,1/1/16,Hawaii,0.216182551
12/1/16,2016-00-01,1/1/16,Idaho,-0.06468454
12/1/16,2016-00-01,1/1/16,Illinois,0.310442886
12/1/16,2016-00-01,1/1/16,Indiana,0.027261441
12/1/16,2016-00-01,1/1/16,Iowa,0.175454879
12/1/16,2016-00-01,1/1/16,Kansas,0.128462266
12/1/16,2016-00-01,1/1/16,Kentucky,0.195158093
12/1/16,2016-00-01,1/1/16,Louisiana,0.316840069
12/1/16,2016-00-01,1/1/16,Maine,0.229366461
12/1/16,2016-00-01,1/1/16,Maryland,0.251718655
12/1/16,2016-00-01,1/1/16,Massachusetts,0.213388439
12/1/16,2016-00-01,1/1/16,Michigan,0.027426573
12/1/16,2016-00-01,1/1/16,Minnesota,0.193886688
12/1/16,2016-00-01,1/1/16,Mississippi,0.186695555
12/1/16,2016-00-01,1/1/16,Missouri,0.118553694
12/1/16,2016-00-01,1/1/16,Montana,0.196357635
12/1/16,2016-00-01,1/1/16,Nebraska,0.178492393
12/1/16,2016-00-01,1/1/16,Nevada,0.046345154
12/1/16,2016-00-01,1/1/16,New Hampshire,0.416762414
12/1/16,2016-00-01,1/1/16,New Jersey,0.210582332
12/1/16,2016-00-01,1/1/16,New Mexico,0.111362234
12/1/16,2016-00-01,1/1/16,New York,0.53900888
12/1/16,2016-00-01,1/1/16,North Carolina,-0.080796981
12/1/16,2016-00-01,1/1/16,North Dakota,0.585615064
12/1/16,2016-00-01,1/1/16,Ohio,0.1061087
12/1/16,2016-00-01,1/1/16,Oklahoma,-0.034148142
12/1/16,2016-00-01,1/1/16,Oregon,0.115639147
12/1/16,2016-00-01,1/1/16,Pennsylvania,0.410662163
12/1/16,2016-00-01,1/1/16,Rhode Island,0.279206912
12/1/16,2016-00-01,1/1/16,South Carolina,0.104182345
12/1/16,2016-00-01,1/1/16,South Dakota,0.110901363
12/1/16,2016-00-01,1/1/16,Tennessee,0.114727141
12/1/16,2016-00-01,1/1/16,Texas,0.082183111
12/1/16,2016-00-01,1/1/16,Utah,0.069662871
12/1/16,2016-00-01,1/1/16,Vermont,0.383728659
12/1/16,2016-00-01,1/1/16,Virginia,0.108264127
12/1/16,2016-00-01,1/1/16,Washington,0.25659427
12/1/16,2016-00-01,1/1/16,West Virginia,0.067070701
12/1/16,2016-00-01,1/1/16,Wisconsin,0.011940278
12/1/16,2016-00-01,1/1/16,Wyoming,0.565575407
12/1/17,2017-00-01,1/1/17,United States,0.177537354
12/1/17,2017-00-01,1/1/17,Alabama,0.104497703
12/1/17,2017-00-01,1/1/17,Alaska,0.337311037
12/1/17,2017-00-01,1/1/17,Arizona,-0.059166712
12/1/17,2017-00-01,1/1/17,Arkansas,0.199205494
12/1/17,2017-00-01,1/1/17,California,0.222674321
12/1/17,2017-00-01,1/1/17,Colorado,0.098081217
12/1/17,2017-00-01,1/1/17,Connecticut,0.37936074
12/1/17,2017-00-01,1/1/17,Delaware,0.292207727
12/1/17,2017-00-01,1/1/17,District of Columbia,0.38567903
12/1/17,2017-00-01,1/1/17,Florida,0.024653967
12/1/17,2017-00-01,1/1/17,Georgia,-0.02633209
12/1/17,2017-00-01,1/1/17,Hawaii,0.123297298
12/1/17,2017-00-01,1/1/17,Idaho,-0.043528398
12/1/17,2017-00-01,1/1/17,Illinois,0.420377962
12/1/17,2017-00-01,1/1/17,Indiana,0.023042698
12/1/17,2017-00-01,1/1/17,Iowa,0.193727358
12/1/17,2017-00-01,1/1/17,Kansas,0.150106146
12/1/17,2017-00-01,1/1/17,Kentucky,0.204050784
12/1/17,2017-00-01,1/1/17,Louisiana,0.304395209
12/1/17,2017-00-01,1/1/17,Maine,0.218000205
12/1/17,2017-00-01,1/1/17,Maryland,0.262649379
12/1/17,2017-00-01,1/1/17,Massachusetts,0.240536843
12/1/17,2017-00-01,1/1/17,Michigan,0.031962314
12/1/17,2017-00-01,1/1/17,Minnesota,0.200055175
12/1/17,2017-00-01,1/1/17,Mississippi,0.177143049
12/1/17,2017-00-01,1/1/17,Missouri,0.131684551
12/1/17,2017-00-01,1/1/17,Montana,0.200017268
12/1/17,2017-00-01,1/1/17,Nebraska,0.174559549
12/1/17,2017-00-01,1/1/17,Nevada,0.067486308
12/1/17,2017-00-01,1/1/17,New Hampshire,0.431801349
12/1/17,2017-00-01,1/1/17,New Jersey,0.207393536
12/1/17,2017-00-01,1/1/17,New Mexico,0.099464382
12/1/17,2017-00-01,1/1/17,New York,0.582804884
12/1/17,2017-00-01,1/1/17,North Carolina,-0.059314226
12/1/17,2017-00-01,1/1/17,North Dakota,0.559718998
12/1/17,2017-00-01,1/1/17,Ohio,0.121425966
12/1/17,2017-00-01,1/1/17,Oklahoma,-0.037179048
12/1/17,2017-00-01,1/1/17,Oregon,0.132025909
12/1/17,2017-00-01,1/1/17,Pennsylvania,0.452694899
12/1/17,2017-00-01,1/1/17,Rhode Island,0.297074539
12/1/17,2017-00-01,1/1/17,South Carolina,0.14541671
12/1/17,2017-00-01,1/1/17,South Dakota,0.159799464
12/1/17,2017-00-01,1/1/17,Tennessee,0.160282441
12/1/17,2017-00-01,1/1/17,Texas,0.069657419
12/1/17,2017-00-01,1/1/17,Utah,0.080917593
12/1/17,2017-00-01,1/1/17,Vermont,0.375261942
12/1/17,2017-00-01,1/1/17,Virginia,0.122786823
12/1/17,2017-00-01,1/1/17,Washington,0.282632229
12/1/17,2017-00-01,1/1/17,West Virginia,0.092356693
12/1/17,2017-00-01,1/1/17,Wisconsin,0.027229536
12/1/17,2017-00-01,1/1/17,Wyoming,0.46181743
12/1/18,2018-00-01,1/1/18,United States,0.193759729
12/1/18,2018-00-01,1/1/18,Alabama,0.106010867
12/1/18,2018-00-01,1/1/18,Alaska,0.318331792
12/1/18,2018-00-01,1/1/18,Arizona,-0.034998547
12/1/18,2018-00-01,1/1/18,Arkansas,0.191979419
12/1/18,2018-00-01,1/1/18,California,0.202560021
12/1/18,2018-00-01,1/1/18,Colorado,0.133033458
12/1/18,2018-00-01,1/1/18,Connecticut,0.395534894
12/1/18,2018-00-01,1/1/18,Delaware,0.255321816
12/1/18,2018-00-01,1/1/18,District of Columbia,0.350864927
12/1/18,2018-00-01,1/1/18,Florida,0.037683447
12/1/18,2018-00-01,1/1/18,Georgia,-0.003470005
12/1/18,2018-00-01,1/1/18,Hawaii,0.268988805
12/1/18,2018-00-01,1/1/18,Idaho,-0.021660225
12/1/18,2018-00-01,1/1/18,Illinois,0.481985107
12/1/18,2018-00-01,1/1/18,Indiana,0.017096619
12/1/18,2018-00-01,1/1/18,Iowa,0.188504931
12/1/18,2018-00-01,1/1/18,Kansas,0.186317525
12/1/18,2018-00-01,1/1/18,Kentucky,0.265997324
12/1/18,2018-00-01,1/1/18,Louisiana,0.30643642
12/1/18,2018-00-01,1/1/18,Maine,0.236596332
12/1/18,2018-00-01,1/1/18,Maryland,0.304205567
12/1/18,2018-00-01,1/1/18,Massachusetts,0.273692815
12/1/18,2018-00-01,1/1/18,Michigan,0.052822395
12/1/18,2018-00-01,1/1/18,Minnesota,0.203020522
12/1/18,2018-00-01,1/1/18,Mississippi,0.168079019
12/1/18,2018-00-01,1/1/18,Missouri,0.140020537
12/1/18,2018-00-01,1/1/18,Montana,0.22890407
12/1/18,2018-00-01,1/1/18,Nebraska,0.168632162
12/1/18,2018-00-01,1/1/18,Nevada,0.087474245
12/1/18,2018-00-01,1/1/18,New Hampshire,0.495876676
12/1/18,2018-00-01,1/1/18,New Jersey,0.225911969
12/1/18,2018-00-01,1/1/18,New Mexico,0.079998376
12/1/18,2018-00-01,1/1/18,New York,0.621290014
12/1/18,2018-00-01,1/1/18,North Carolina,-0.04808036
12/1/18,2018-00-01,1/1/18,North Dakota,0.534715542
12/1/18,2018-00-01,1/1/18,Ohio,0.134112236
12/1/18,2018-00-01,1/1/18,Oklahoma,-0.023532781
12/1/18,2018-00-01,1/1/18,Oregon,0.217624556
12/1/18,2018-00-01,1/1/18,Pennsylvania,0.46784019
12/1/18,2018-00-01,1/1/18,Rhode Island,0.289485821
12/1/18,2018-00-01,1/1/18,South Carolina,0.157500282
12/1/18,2018-00-01,1/1/18,South Dakota,0.177501654
12/1/18,2018-00-01,1/1/18,Tennessee,0.180076964
12/1/18,2018-00-01,1/1/18,Texas,0.095489584
12/1/18,2018-00-01,1/1/18,Utah,0.103307625
12/1/18,2018-00-01,1/1/18,Vermont,0.406371382
12/1/18,2018-00-01,1/1/18,Virginia,0.125817598
12/1/18,2018-00-01,1/1/18,Washington,0.354232422
12/1/18,2018-00-01,1/1/18,West Virginia,0.061606003
12/1/18,2018-00-01,1/1/18,Wisconsin,0.027205741
12/1/18,2018-00-01,1/1/18,Wyoming,0.352296371
12/1/19,2019-00-01,1/1/19,United States,0.236733465
12/1/19,2019-00-01,1/1/19,Alabama,0.134380763
12/1/19,2019-00-01,1/1/19,Alaska,0.326266062
12/1/19,2019-00-01,1/1/19,Arizona,0.012029449
12/1/19,2019-00-01,1/1/19,Arkansas,0.182843736
12/1/19,2019-00-01,1/1/19,California,0.374188929
12/1/19,2019-00-01,1/1/19,Colorado,0.233599192
12/1/19,2019-00-01,1/1/19,Connecticut,0.460096591
12/1/19,2019-00-01,1/1/19,Delaware,0.263580022
12/1/19,2019-00-01,1/1/19,District of Columbia,0.316104009
12/1/19,2019-00-01,1/1/19,Florida,0.06297806
12/1/19,2019-00-01,1/1/19,Georgia,0.026043876
12/1/19,2019-00-01,1/1/19,Hawaii,0.184311111
12/1/19,2019-00-01,1/1/19,Idaho,-0.008110701
12/1/19,2019-00-01,1/1/19,Illinois,0.4784169
12/1/19,2019-00-01,1/1/19,Indiana,0.015367822
12/1/19,2019-00-01,1/1/19,Iowa,0.193327629
12/1/19,2019-00-01,1/1/19,Kansas,0.197668381
12/1/19,2019-00-01,1/1/19,Kentucky,0.279899449
12/1/19,2019-00-01,1/1/19,Louisiana,0.339434261
12/1/19,2019-00-01,1/1/19,Maine,0.274495753
12/1/19,2019-00-01,1/1/19,Maryland,0.288204541
12/1/19,2019-00-01,1/1/19,Massachusetts,0.235390475
12/1/19,2019-00-01,1/1/19,Michigan,0.071933578
12/1/19,2019-00-01,1/1/19,Minnesota,0.235680464
12/1/19,2019-00-01,1/1/19,Mississippi,0.187682757
12/1/19,2019-00-01,1/1/19,Missouri,0.151267277
12/1/19,2019-00-01,1/1/19,Montana,0.266912305
12/1/19,2019-00-01,1/1/19,Nebraska,0.155208646
12/1/19,2019-00-01,1/1/19,Nevada,0.089390295
12/1/19,2019-00-01,1/1/19,New Hampshire,0.513906573
12/1/19,2019-00-01,1/1/19,New Jersey,0.26501917
12/1/19,2019-00-01,1/1/19,New Mexico,0.099947544
12/1/19,2019-00-01,1/1/19,New York,0.67901973
12/1/19,2019-00-01,1/1/19,North Carolina,-0.007926377
12/1/19,2019-00-01,1/1/19,North Dakota,0.518284578
12/1/19,2019-00-01,1/1/19,Ohio,0.126871524
12/1/19,2019-00-01,1/1/19,Oklahoma,0.064721748
12/1/19,2019-00-01,1/1/19,Oregon,0.248399885
12/1/19,2019-00-01,1/1/19,Pennsylvania,0.492369381
12/1/19,2019-00-01,1/1/19,Rhode Island,0.298803368
12/1/19,2019-00-01,1/1/19,South Carolina,0.17506637
12/1/19,2019-00-01,1/1/19,South Dakota,0.176911371
12/1/19,2019-00-01,1/1/19,Tennessee,0.177944016
12/1/19,2019-00-01,1/1/19,Texas,0.140487979
12/1/19,2019-00-01,1/1/19,Utah,0.15134701
12/1/19,2019-00-01,1/1/19,Vermont,0.434916445
12/1/19,2019-00-01,1/1/19,Virginia,0.143820661
12/1/19,2019-00-01,1/1/19,Washington,0.487563084
12/1/19,2019-00-01,1/1/19,West Virginia,0.086800649
12/1/19,2019-00-01,1/1/19,Wisconsin,0.051250331
12/1/19,2019-00-01,1/1/19,Wyoming,0.30551842
12/1/20,2020-00-01,1/1/20,United States,0.24986955
12/1/20,2020-00-01,1/1/20,Alabama,0.150863692
12/1/20,2020-00-01,1/1/20,Alaska,0.322668445
12/1/20,2020-00-01,1/1/20,Arizona,0.04225212
12/1/20,2020-00-01,1/1/20,Arkansas,0.173316332
12/1/20,2020-00-01,1/1/20,California,0.357903964
12/1/20,2020-00-01,1/1/20,Colorado,0.280425849
12/1/20,2020-00-01,1/1/20,Connecticut,0.449799998
12/1/20,2020-00-01,1/1/20,Delaware,0.344819516
12/1/20,2020-00-01,1/1/20,District of Columbia,0.29970708
12/1/20,2020-00-01,1/1/20,Florida,0.076529753
12/1/20,2020-00-01,1/1/20,Georgia,0.062694627
12/1/20,2020-00-01,1/1/20,Hawaii,0.268630392
12/1/20,2020-00-01,1/1/20,Idaho,0.029884259
12/1/20,2020-00-01,1/1/20,Illinois,0.547295504
12/1/20,2020-00-01,1/1/20,Indiana,0.019251931
12/1/20,2020-00-01,1/1/20,Iowa,0.190903642
12/1/20,2020-00-01,1/1/20,Kansas,0.24506744
12/1/20,2020-00-01,1/1/20,Kentucky,0.247338972
12/1/20,2020-00-01,1/1/20,Louisiana,0.320989598
12/1/20,2020-00-01,1/1/20,Maine,0.300562564
12/1/20,2020-00-01,1/1/20,Maryland,0.314544396
12/1/20,2020-00-01,1/1/20,Massachusetts,0.261322729
12/1/20,2020-00-01,1/1/20,Michigan,0.099849326
12/1/20,2020-00-01,1/1/20,Minnesota,0.24894706
12/1/20,2020-00-01,1/1/20,Mississippi,0.213537584
12/1/20,2020-00-01,1/1/20,Missouri,0.059866118
12/1/20,2020-00-01,1/1/20,Montana,0.246047317
12/1/20,2020-00-01,1/1/20,Nebraska,0.173234157
12/1/20,2020-00-01,1/1/20,Nevada,0.122574166
12/1/20,2020-00-01,1/1/20,New Hampshire,0.555833233
12/1/20,2020-00-01,1/1/20,New Jersey,0.265835908
12/1/20,2020-00-01,1/1/20,New Mexico,0.258564052
12/1/20,2020-00-01,1/1/20,New York,0.701854936
12/1/20,2020-00-01,1/1/20,North Carolina,-0.001416264
12/1/20,2020-00-01,1/1/20,North Dakota,0.512457784
12/1/20,2020-00-01,1/1/20,Ohio,0.146816795
12/1/20,2020-00-01,1/1/20,Oklahoma,0.080455866
12/1/20,2020-00-01,1/1/20,Oregon,0.275133775
12/1/20,2020-00-01,1/1/20,Pennsylvania,0.491154245
12/1/20,2020-00-01,1/1/20,Rhode Island,0.305651994
12/1/20,2020-00-01,1/1/20,South Carolina,0.18991712
12/1/20,2020-00-01,1/1/20,South Dakota,0.178324675
12/1/20,2020-00-01,1/1/20,Tennessee,0.183886808
12/1/20,2020-00-01,1/1/20,Texas,0.163259011
12/1/20,2020-00-01,1/1/20,Utah,0.165046119
12/1/20,2020-00-01,1/1/20,Vermont,0.485103068
12/1/20,2020-00-01,1/1/20,Virginia,0.15410841
12/1/20,2020-00-01,1/1/20,Washington,0.501824097
12/1/20,2020-00-01,1/1/20,West Virginia,0.146770896
12/1/20,2020-00-01,1/1/20,Wisconsin,0.065617528
12/1/20,2020-00-01,1/1/20,Wyoming,0.300771427
12/1/02,2002-00-01,1/1/02,min,0
12/1/03,2003-00-01,1/1/03,min,-0.137918068
12/1/04,2004-00-02,1/1/04,min,-0.043488918
12/1/05,2005-00-02,1/1/05,min,-0.030647462
12/1/06,2006-00-03,1/1/06,min,-0.02913967
12/1/07,2007-00-03,1/1/07,min,-0.054151247
12/1/08,2008-00-04,1/1/08,min,-0.02640998
12/1/09,2009-00-04,1/1/09,min,-0.098004197
12/1/10,2010-00-05,1/1/10,min,-0.012383478
12/1/11,2011-00-05,1/1/11,min,-0.038617084
12/1/12,2012-00-06,1/1/12,min,-0.120408664
12/1/13,2013-00-06,1/1/13,min,-0.134896266
12/1/14,2014-00-07,1/1/14,min,-0.148157971
12/1/15,2015-00-07,1/1/15,min,-0.097257175
12/1/16,2016-00-08,1/1/16,min,-0.080796981
12/1/17,2017-00-08,1/1/17,min,-0.059314226
12/1/18,2018-00-09,1/1/18,min,-0.04808036
12/1/19,2019-00-09,1/1/19,min,-0.008110701
12/1/20,2020-00-10,1/1/20,min,-0.001416264
12/1/02,2002-00-01,1/1/02,max,0
12/1/03,2003-00-01,1/1/03,max,-0.137918068
12/1/04,2004-00-02,1/1/04,max,-0.043488918
12/1/05,2005-00-02,1/1/05,max,-0.030647462
12/1/06,2006-00-03,1/1/06,max,-0.02913967
12/1/07,2007-00-03,1/1/07,max,-0.054151247
12/1/08,2008-00-04,1/1/08,max,-0.02640998
12/1/09,2009-00-04,1/1/09,max,-0.098004197
12/1/10,2010-00-05,1/1/10,max,-0.012383478
12/1/11,2011-00-05,1/1/11,max,-0.038617084
12/1/12,2012-00-06,1/1/12,max,-0.120408664
12/1/13,2013-00-06,1/1/13,max,-0.134896266
12/1/14,2014-00-07,1/1/14,max,-0.148157971
12/1/15,2015-00-07,1/1/15,max,-0.097257175
12/1/16,2016-00-08,1/1/16,max,-0.080796981
12/1/17,2017-00-08,1/1/17,max,-0.059314226
12/1/18,2018-00-09,1/1/18,max,-0.04808036
12/1/19,2019-00-09,1/1/19,max,-0.008110701
12/1/20,2020-00-10,1/1/20,max,-0.001416264